{
  "shape": [],
  "data_type": "int64",
  "chunk_grid": {
    "name": "regular",
    "configuration": {
      "chunk_shape": []
    }
  },
  "chunk_key_encoding": {
    "name": "default",
    "configuration": {
      "separator": "/"
    }
  },
  "fill_value": 0,
  "codecs": [
    {
      "name": "bytes",
      "configuration": {
        "endian": "little"
      }
    },
    {
      "name": "zstd",
      "configuration": {
        "level": 0,
        "checksum": false
      }
    }
  ],
  "attributes": {
    "crs_wkt": "GEOGCS[\"WGS 84\",DATUM[\"WGS_1984\",SPHEROID[\"WGS 84\",6378137,298.257223563,AUTHORITY[\"EPSG\",\"7030\"]],AUTHORITY[\"EPSG\",\"6326\"]],PRIMEM[\"Greenwich\",0,AUTHORITY[\"EPSG\",\"8901\"]],UNIT[\"degree\",0.0174532925199433,AUTHORITY[\"EPSG\",\"9122\"]],AXIS[\"Latitude\",NORTH],AXIS[\"Longitude\",EAST],AUTHORITY[\"EPSG\",\"4326\"]]",
    "semi_major_axis": 6378137.0,
    "semi_minor_axis": 6356752.314245179,
    "inverse_flattening": 298.257223563,
    "reference_ellipsoid_name": "WGS 84",
    "longitude_of_prime_meridian": 0.0,
    "prime_meridian_name": "Greenwich",
    "geographic_crs_name": "WGS 84",
    "horizontal_datum_name": "World Geodetic System 1984",
    "grid_mapping_name": "latitude_longitude",
    "spatial_ref": "GEOGCS[\"WGS 84\",DATUM[\"WGS_1984\",SPHEROID[\"WGS 84\",6378137,298.257223563,AUTHORITY[\"EPSG\",\"7030\"]],AUTHORITY[\"EPSG\",\"6326\"]],PRIMEM[\"Greenwich\",0,AUTHORITY[\"EPSG\",\"8901\"]],UNIT[\"degree\",0.0174532925199433,AUTHORITY[\"EPSG\",\"9122\"]],AXIS[\"Latitude\",NORTH],AXIS[\"Longitude\",EAST],AUTHORITY[\"EPSG\",\"4326\"]]",
    "GeoTransform": "-122.68605244610889 0.0038396700824912815 0.0 40.709073238261475 0.0 -0.0038396700824912815"
  },
  "zarr_format": 3,
  "node_type": "array",
  "storage_transformers": []
}