{
  "shape": [
    1525
  ],
  "data_type": "float64",
  "chunk_grid": {
    "name": "regular",
    "configuration": {
      "chunk_shape": [
        1525
      ]
    }
  },
  "chunk_key_encoding": {
    "name": "default",
    "configuration": {
      "separator": "/"
    }
  },
  "fill_value": "NaN",
  "codecs": [
    {
      "name": "bytes",
      "configuration": {
        "endian": "little"
      }
    },
    {
      "name": "zstd",
      "configuration": {
        "level": 0,
        "checksum": false
      }
    }
  ],
  "attributes": {
    "axis": "Y",
    "long_name": "latitude",
    "standard_name": "latitude",
    "units": "degrees_north",
    "_FillValue": "AAAAAAAA+H8="
  },
  "dimension_names": [
    "y"
  ],
  "zarr_format": 3,
  "node_type": "array",
  "storage_transformers": []
}