{
  "attributes": {},
  "zarr_format": 3,
  "consolidated_metadata": {
    "kind": "inline",
    "must_understand": false,
    "metadata": {
      "fraction_coarse": {
        "shape": [
          1525,
          1073
        ],
        "data_type": "float64",
        "chunk_grid": {
          "name": "regular",
          "configuration": {
            "chunk_shape": [
              382,
              269
            ]
          }
        },
        "chunk_key_encoding": {
          "name": "default",
          "configuration": {
            "separator": "/"
          }
        },
        "fill_value": "NaN",
        "codecs": [
          {
            "name": "bytes",
            "configuration": {
              "endian": "little"
            }
          },
          {
            "name": "zstd",
            "configuration": {
              "level": 0,
              "checksum": false
            }
          }
        ],
        "attributes": {
          "Units": "%",
          "grid_mapping": "spatial_ref",
          "_FillValue": "AAAAAAAA+H8="
        },
        "dimension_names": [
          "y",
          "x"
        ],
        "zarr_format": 3,
        "node_type": "array",
        "storage_transformers": []
      },
      "land_use": {
        "shape": [
          1525,
          1073
        ],
        "data_type": "float64",
        "chunk_grid": {
          "name": "regular",
          "configuration": {
            "chunk_shape": [
              382,
              269
            ]
          }
        },
        "chunk_key_encoding": {
          "name": "default",
          "configuration": {
            "separator": "/"
          }
        },
        "fill_value": "NaN",
        "codecs": [
          {
            "name": "bytes",
            "configuration": {
              "endian": "little"
            }
          },
          {
            "name": "zstd",
            "configuration": {
              "level": 0,
              "checksum": false
            }
          }
        ],
        "attributes": {
          "grid_mapping": "spatial_ref",
          "_FillValue": "AAAAAAAA+H8="
        },
        "dimension_names": [
          "y",
          "x"
        ],
        "zarr_format": 3,
        "node_type": "array",
        "storage_transformers": []
      },
      "path_length_norm": {
        "shape": [
          3,
          1525,
          1073
        ],
        "data_type": "float64",
        "chunk_grid": {
          "name": "regular",
          "configuration": {
            "chunk_shape": [
              1,
              382,
              269
            ]
          }
        },
        "chunk_key_encoding": {
          "name": "default",
          "configuration": {
            "separator": "/"
          }
        },
        "fill_value": "NaN",
        "codecs": [
          {
            "name": "bytes",
            "configuration": {
              "endian": "little"
            }
          },
          {
            "name": "zstd",
            "configuration": {
              "level": 0,
              "checksum": false
            }
          }
        ],
        "attributes": {
          "grid_mapping": "spatial_ref",
          "_FillValue": "AAAAAAAA+H8="
        },
        "dimension_names": [
          "threshold",
          "y",
          "x"
        ],
        "zarr_format": 3,
        "node_type": "array",
        "storage_transformers": []
      },
      "path_to_no_flow": {
        "shape": [
          3,
          1525,
          1073
        ],
        "data_type": "float64",
        "chunk_grid": {
          "name": "regular",
          "configuration": {
            "chunk_shape": [
              1,
              382,
              269
            ]
          }
        },
        "chunk_key_encoding": {
          "name": "default",
          "configuration": {
            "separator": "/"
          }
        },
        "fill_value": "NaN",
        "codecs": [
          {
            "name": "bytes",
            "configuration": {
              "endian": "little"
            }
          },
          {
            "name": "zstd",
            "configuration": {
              "level": 0,
              "checksum": false
            }
          }
        ],
        "attributes": {
          "grid_mapping": "spatial_ref",
          "_FillValue": "AAAAAAAA+H8="
        },
        "dimension_names": [
          "threshold",
          "y",
          "x"
        ],
        "zarr_format": 3,
        "node_type": "array",
        "storage_transformers": []
      },
      "spatial_ref": {
        "shape": [],
        "data_type": "int64",
        "chunk_grid": {
          "name": "regular",
          "configuration": {
            "chunk_shape": []
          }
        },
        "chunk_key_encoding": {
          "name": "default",
          "configuration": {
            "separator": "/"
          }
        },
        "fill_value": 0,
        "codecs": [
          {
            "name": "bytes",
            "configuration": {
              "endian": "little"
            }
          },
          {
            "name": "zstd",
            "configuration": {
              "level": 0,
              "checksum": false
            }
          }
        ],
        "attributes": {
          "crs_wkt": "GEOGCS[\"WGS 84\",DATUM[\"WGS_1984\",SPHEROID[\"WGS 84\",6378137,298.257223563,AUTHORITY[\"EPSG\",\"7030\"]],AUTHORITY[\"EPSG\",\"6326\"]],PRIMEM[\"Greenwich\",0,AUTHORITY[\"EPSG\",\"8901\"]],UNIT[\"degree\",0.0174532925199433,AUTHORITY[\"EPSG\",\"9122\"]],AXIS[\"Latitude\",NORTH],AXIS[\"Longitude\",EAST],AUTHORITY[\"EPSG\",\"4326\"]]",
          "semi_major_axis": 6378137.0,
          "semi_minor_axis": 6356752.314245179,
          "inverse_flattening": 298.257223563,
          "reference_ellipsoid_name": "WGS 84",
          "longitude_of_prime_meridian": 0.0,
          "prime_meridian_name": "Greenwich",
          "geographic_crs_name": "WGS 84",
          "horizontal_datum_name": "World Geodetic System 1984",
          "grid_mapping_name": "latitude_longitude",
          "spatial_ref": "GEOGCS[\"WGS 84\",DATUM[\"WGS_1984\",SPHEROID[\"WGS 84\",6378137,298.257223563,AUTHORITY[\"EPSG\",\"7030\"]],AUTHORITY[\"EPSG\",\"6326\"]],PRIMEM[\"Greenwich\",0,AUTHORITY[\"EPSG\",\"8901\"]],UNIT[\"degree\",0.0174532925199433,AUTHORITY[\"EPSG\",\"9122\"]],AXIS[\"Latitude\",NORTH],AXIS[\"Longitude\",EAST],AUTHORITY[\"EPSG\",\"4326\"]]",
          "GeoTransform": "-122.68605244610889 0.0038396700824912815 0.0 40.709073238261475 0.0 -0.0038396700824912815"
        },
        "zarr_format": 3,
        "node_type": "array",
        "storage_transformers": []
      },
      "summary_metric": {
        "shape": [
          3,
          1525,
          1073
        ],
        "data_type": "float64",
        "chunk_grid": {
          "name": "regular",
          "configuration": {
            "chunk_shape": [
              1,
              382,
              269
            ]
          }
        },
        "chunk_key_encoding": {
          "name": "default",
          "configuration": {
            "separator": "/"
          }
        },
        "fill_value": "NaN",
        "codecs": [
          {
            "name": "bytes",
            "configuration": {
              "endian": "little"
            }
          },
          {
            "name": "zstd",
            "configuration": {
              "level": 0,
              "checksum": false
            }
          }
        ],
        "attributes": {
          "grid_mapping": "spatial_ref",
          "_FillValue": "AAAAAAAA+H8="
        },
        "dimension_names": [
          "threshold",
          "y",
          "x"
        ],
        "zarr_format": 3,
        "node_type": "array",
        "storage_transformers": []
      },
      "threshold": {
        "shape": [
          3
        ],
        "data_type": "float64",
        "chunk_grid": {
          "name": "regular",
          "configuration": {
            "chunk_shape": [
              3
            ]
          }
        },
        "chunk_key_encoding": {
          "name": "default",
          "configuration": {
            "separator": "/"
          }
        },
        "fill_value": "NaN",
        "codecs": [
          {
            "name": "bytes",
            "configuration": {
              "endian": "little"
            }
          },
          {
            "name": "zstd",
            "configuration": {
              "level": 0,
              "checksum": false
            }
          }
        ],
        "attributes": {
          "Units": "%",
          "_FillValue": "AAAAAAAA+H8="
        },
        "dimension_names": [
          "threshold"
        ],
        "zarr_format": 3,
        "node_type": "array",
        "storage_transformers": []
      },
      "x": {
        "shape": [
          1073
        ],
        "data_type": "float64",
        "chunk_grid": {
          "name": "regular",
          "configuration": {
            "chunk_shape": [
              1073
            ]
          }
        },
        "chunk_key_encoding": {
          "name": "default",
          "configuration": {
            "separator": "/"
          }
        },
        "fill_value": "NaN",
        "codecs": [
          {
            "name": "bytes",
            "configuration": {
              "endian": "little"
            }
          },
          {
            "name": "zstd",
            "configuration": {
              "level": 0,
              "checksum": false
            }
          }
        ],
        "attributes": {
          "axis": "X",
          "long_name": "longitude",
          "standard_name": "longitude",
          "units": "degrees_east",
          "_FillValue": "AAAAAAAA+H8="
        },
        "dimension_names": [
          "x"
        ],
        "zarr_format": 3,
        "node_type": "array",
        "storage_transformers": []
      },
      "y": {
        "shape": [
          1525
        ],
        "data_type": "float64",
        "chunk_grid": {
          "name": "regular",
          "configuration": {
            "chunk_shape": [
              1525
            ]
          }
        },
        "chunk_key_encoding": {
          "name": "default",
          "configuration": {
            "separator": "/"
          }
        },
        "fill_value": "NaN",
        "codecs": [
          {
            "name": "bytes",
            "configuration": {
              "endian": "little"
            }
          },
          {
            "name": "zstd",
            "configuration": {
              "level": 0,
              "checksum": false
            }
          }
        ],
        "attributes": {
          "axis": "Y",
          "long_name": "latitude",
          "standard_name": "latitude",
          "units": "degrees_north",
          "_FillValue": "AAAAAAAA+H8="
        },
        "dimension_names": [
          "y"
        ],
        "zarr_format": 3,
        "node_type": "array",
        "storage_transformers": []
      }
    }
  },
  "node_type": "group"
}