{
  "shape": [
    1525,
    1073
  ],
  "data_type": "float64",
  "chunk_grid": {
    "name": "regular",
    "configuration": {
      "chunk_shape": [
        382,
        269
      ]
    }
  },
  "chunk_key_encoding": {
    "name": "default",
    "configuration": {
      "separator": "/"
    }
  },
  "fill_value": "NaN",
  "codecs": [
    {
      "name": "bytes",
      "configuration": {
        "endian": "little"
      }
    },
    {
      "name": "zstd",
      "configuration": {
        "level": 0,
        "checksum": false
      }
    }
  ],
  "attributes": {
    "Units": "%",
    "grid_mapping": "spatial_ref",
    "_FillValue": "AAAAAAAA+H8="
  },
  "dimension_names": [
    "y",
    "x"
  ],
  "zarr_format": 3,
  "node_type": "array",
  "storage_transformers": []
}