{"20": {"REDDING AREA - ENTERPRISE": {"Cultivated Crops": {"total_area": 0.1328, "suitable_area": 0.1328, "total_vol": 0.0027521124572753904, "suitable_vol": 0.0027521124572753904}, "Herbaceous": {"total_area": 92.9488, "suitable_area": 65.0192, "total_vol": 1.9326838760406497, "suitable_vol": 1.34110533571167}, "Shrub/Scrub": {"total_area": 26.9376, "suitable_area": 13.1728, "total_vol": 0.5708643442596436, "suitable_vol": 0.2770200798248291}, "Developed": {"total_area": 11.1152, "suitable_area": 5.6688, "total_vol": 0.2355929311004639, "suitable_vol": 0.11916737845764161}, "Developed, Open Space": {"total_area": 16.488, "suitable_area": 10.1088, "total_vol": 0.34492031091613773, "suitable_vol": 0.20978578982543947}, "Open Water": {"total_area": 2.6032, "suitable_area": 1.4272, "total_vol": 0.053141560787963865, "suitable_vol": 0.028534467117309573}, "Wetlands": {"total_area": 4.8512, "suitable_area": 2.9296, "total_vol": 0.09815533841552734, "suitable_vol": 0.05797294313354493}, "Hay/Pasture": {"total_area": 3.6272, "suitable_area": 1.4144, "total_vol": 0.0734244755279541, "suitable_vol": 0.02732021329956055}, "Barren Land": {"total_area": 0.36160000000000003, "suitable_area": 0.2048, "total_vol": 0.007325598556518554, "suitable_vol": 0.0040679370300292965}, "Forest": {"total_area": 6.147200000000001, "suitable_area": 3.208, "total_vol": 0.12966308898925782, "suitable_vol": 0.06723887350769042}}, "Full Valley": {"Cultivated Crops": {"total_area": 31271.4784, "suitable_area": 17333.4096, "total_vol": 1365.7323680879044, "suitable_vol": 265.642573838971}, "Herbaceous": {"total_area": 31271.4784, "suitable_area": 17333.4096, "total_vol": 1365.7323680879044, "suitable_vol": 265.642573838971}, "Shrub/Scrub": {"total_area": 31271.4784, "suitable_area": 17333.4096, "total_vol": 1365.7323680879044, "suitable_vol": 265.642573838971}, "Developed": {"total_area": 31271.4784, "suitable_area": 17333.4096, "total_vol": 1365.7323680879044, "suitable_vol": 265.642573838971}, "Developed, Open Space": {"total_area": 31271.4784, "suitable_area": 17333.4096, "total_vol": 1365.7323680879044, "suitable_vol": 265.642573838971}, "Open Water": {"total_area": 31271.4784, "suitable_area": 17333.4096, "total_vol": 1365.7323680879044, "suitable_vol": 265.642573838971}, "Wetlands": {"total_area": 31271.4784, "suitable_area": 17333.4096, "total_vol": 1365.7323680879044, "suitable_vol": 265.642573838971}, "Hay/Pasture": {"total_area": 31271.4784, "suitable_area": 17333.4096, "total_vol": 1365.7323680879044, "suitable_vol": 265.642573838971}, "Barren Land": {"total_area": 31271.4784, "suitable_area": 17333.4096, "total_vol": 1365.7323680879044, "suitable_vol": 265.642573838971}, "Forest": {"total_area": 31271.4784, "suitable_area": 17333.4096, "total_vol": 1365.7323680879044, "suitable_vol": 265.642573838971}}}, "50": {"REDDING AREA - ENTERPRISE": {"Cultivated Crops": {"total_area": 0.1328, "suitable_area": 0.1328, "total_vol": 0.0027521124572753904, "suitable_vol": 0.0027521124572753904}, "Herbaceous": {"total_area": 92.9488, "suitable_area": 65.0192, "total_vol": 1.9326838760406497, "suitable_vol": 1.34110533571167}, "Shrub/Scrub": {"total_area": 26.9376, "suitable_area": 13.1728, "total_vol": 0.5708643442596436, "suitable_vol": 0.2770200798248291}, "Developed": {"total_area": 11.1152, "suitable_area": 5.6688, "total_vol": 0.2355929311004639, "suitable_vol": 0.11916737845764161}, "Developed, Open Space": {"total_area": 16.488, "suitable_area": 10.1088, "total_vol": 0.34492031091613773, "suitable_vol": 0.20978578982543947}, "Open Water": {"total_area": 2.6032, "suitable_area": 1.4272, "total_vol": 0.053141560787963865, "suitable_vol": 0.028534467117309573}, "Wetlands": {"total_area": 4.8512, "suitable_area": 2.9296, "total_vol": 0.09815533841552734, "suitable_vol": 0.05797294313354493}, "Hay/Pasture": {"total_area": 3.6272, "suitable_area": 1.4144, "total_vol": 0.0734244755279541, "suitable_vol": 0.02732021329956055}, "Barren Land": {"total_area": 0.36160000000000003, "suitable_area": 0.2048, "total_vol": 0.007325598556518554, "suitable_vol": 0.0040679370300292965}, "Forest": {"total_area": 6.147200000000001, "suitable_area": 3.208, "total_vol": 0.12966308898925782, "suitable_vol": 0.06723887350769042}}, "Full Valley": {"Cultivated Crops": {"total_area": 31271.4784, "suitable_area": 12418.7216, "total_vol": 1365.7323680879044, "suitable_vol": 265.642573838971}, "Herbaceous": {"total_area": 31271.4784, "suitable_area": 12418.7216, "total_vol": 1365.7323680879044, "suitable_vol": 265.642573838971}, "Shrub/Scrub": {"total_area": 31271.4784, "suitable_area": 12418.7216, "total_vol": 1365.7323680879044, "suitable_vol": 265.642573838971}, "Developed": {"total_area": 31271.4784, "suitable_area": 12418.7216, "total_vol": 1365.7323680879044, "suitable_vol": 265.642573838971}, "Developed, Open Space": {"total_area": 31271.4784, "suitable_area": 12418.7216, "total_vol": 1365.7323680879044, "suitable_vol": 265.642573838971}, "Open Water": {"total_area": 31271.4784, "suitable_area": 12418.7216, "total_vol": 1365.7323680879044, "suitable_vol": 265.642573838971}, "Wetlands": {"total_area": 31271.4784, "suitable_area": 12418.7216, "total_vol": 1365.7323680879044, "suitable_vol": 265.642573838971}, "Hay/Pasture": {"total_area": 31271.4784, "suitable_area": 12418.7216, "total_vol": 1365.7323680879044, "suitable_vol": 265.642573838971}, "Barren Land": {"total_area": 31271.4784, "suitable_area": 12418.7216, "total_vol": 1365.7323680879044, "suitable_vol": 265.642573838971}, "Forest": {"total_area": 31271.4784, "suitable_area": 12418.7216, "total_vol": 1365.7323680879044, "suitable_vol": 265.642573838971}}}, "80": {"REDDING AREA - ENTERPRISE": {"Cultivated Crops": {"total_area": 0.1328, "suitable_area": 0.1328, "total_vol": 0.0027521124572753904, "suitable_vol": 0.0027521124572753904}, "Herbaceous": {"total_area": 92.9488, "suitable_area": 65.0192, "total_vol": 1.9326838760406497, "suitable_vol": 1.34110533571167}, "Shrub/Scrub": {"total_area": 26.9376, "suitable_area": 13.1728, "total_vol": 0.5708643442596436, "suitable_vol": 0.2770200798248291}, "Developed": {"total_area": 11.1152, "suitable_area": 5.6688, "total_vol": 0.2355929311004639, "suitable_vol": 0.11916737845764161}, "Developed, Open Space": {"total_area": 16.488, "suitable_area": 10.1088, "total_vol": 0.34492031091613773, "suitable_vol": 0.20978578982543947}, "Open Water": {"total_area": 2.6032, "suitable_area": 1.4272, "total_vol": 0.053141560787963865, "suitable_vol": 0.028534467117309573}, "Wetlands": {"total_area": 4.8512, "suitable_area": 2.9296, "total_vol": 0.09815533841552734, "suitable_vol": 0.05797294313354493}, "Hay/Pasture": {"total_area": 3.6272, "suitable_area": 1.4144, "total_vol": 0.0734244755279541, "suitable_vol": 0.02732021329956055}, "Barren Land": {"total_area": 0.36160000000000003, "suitable_area": 0.2048, "total_vol": 0.007325598556518554, "suitable_vol": 0.0040679370300292965}, "Forest": {"total_area": 6.147200000000001, "suitable_area": 3.208, "total_vol": 0.12966308898925782, "suitable_vol": 0.06723887350769042}}, "Full Valley": {"Cultivated Crops": {"total_area": 31271.4784, "suitable_area": 5969.8688, "total_vol": 1365.7323680879044, "suitable_vol": 265.642573838971}, "Herbaceous": {"total_area": 31271.4784, "suitable_area": 5969.8688, "total_vol": 1365.7323680879044, "suitable_vol": 265.642573838971}, "Shrub/Scrub": {"total_area": 31271.4784, "suitable_area": 5969.8688, "total_vol": 1365.7323680879044, "suitable_vol": 265.642573838971}, "Developed": {"total_area": 31271.4784, "suitable_area": 5969.8688, "total_vol": 1365.7323680879044, "suitable_vol": 265.642573838971}, "Developed, Open Space": {"total_area": 31271.4784, "suitable_area": 5969.8688, "total_vol": 1365.7323680879044, "suitable_vol": 265.642573838971}, "Open Water": {"total_area": 31271.4784, "suitable_area": 5969.8688, "total_vol": 1365.7323680879044, "suitable_vol": 265.642573838971}, "Wetlands": {"total_area": 31271.4784, "suitable_area": 5969.8688, "total_vol": 1365.7323680879044, "suitable_vol": 265.642573838971}, "Hay/Pasture": {"total_area": 31271.4784, "suitable_area": 5969.8688, "total_vol": 1365.7323680879044, "suitable_vol": 265.642573838971}, "Barren Land": {"total_area": 31271.4784, "suitable_area": 5969.8688, "total_vol": 1365.7323680879044, "suitable_vol": 265.642573838971}, "Forest": {"total_area": 31271.4784, "suitable_area": 5969.8688, "total_vol": 1365.7323680879044, "suitable_vol": 265.642573838971}}}}